State,Total_Value,State_Areas,Value_per_Area
Australian Capital Territory,82.32,2358,3.4910941475827
New South Wales,114277.47,800150,14.2820058738986
Northern Territory,6098.73,1347791,0.452498198904726
Queensland,93164.3,1729742,5.38602288665015
South Australia,47879.46,984321,4.8642119796286
Tasmania,11224.42,64519,17.3970768300811
Victoria,123873.64,227416,54.4700636718613
Western Australia,78366.02,2527013,3.10113244371913
